{
  "overall_score": 1.703879085612075,
  "improved": true,
  "criteria": {
    "range_of_motion": true,
    "smoothness": true
  },
  "details": {
    "range_of_motion": {
      "score": 1.1838594796121749,
      "details": {
        "upper_arm": 1.0973123097075974,
        "forearm": 1.2770755468322093
      }
    },
    "smoothness": {
      "score": 2.223898691611975,
      "details": {
        "upper_arm": 2.1567818339868197,
        "forearm": 2.2816529713458613
      }
    }
  },
  "statistics": {
    "range_of_motion": {
      "upper_arm": {
        "statistic": 1562.0,
        "p_value": 6.826756795298589e-19,
        "significant": true
      },
      "forearm": {
        "statistic": 6706.0,
        "p_value": 0.3822889490305117,
        "significant": false
      }
    },
    "smoothness": {
      "upper_arm": {
        "statistic": 7065.0,
        "p_value": 0.623652326748226,
        "significant": false
      },
      "forearm": {
        "statistic": 7383.0,
        "p_value": 0.428687578118758,
        "significant": false
      }
    }
  },
  "before_summary": {
    "ranges": {
      "UpperArm": 0.2524557560682297,
      "Forearm": 0.23439447581768036
    },
    "smoothness": {
      "UpperArm": -9.704871880289103,
      "Forearm": -11.278133971387248
    }
  },
  "after_summary": {
    "ranges": {
      "UpperArm": 0.2770228087902069,
      "Forearm": 0.29933945337931317
    },
    "smoothness": {
      "UpperArm": -20.931291372577043,
      "Forearm": -25.732787887052414
    }
  }
}