{
  "overall_score": 0.8894887185201904,
  "improved": false,
  "criteria": {
    "range_of_motion": true,
    "smoothness": false,
    "arm_rotation": true
  },
  "details": {
    "range_of_motion": {
      "score": 1.117548442796364,
      "details": {
        "shoulder": 1.172059684173796,
        "elbow": 1.004280770717415,
        "wrist": 1.1790067284224237
      }
    },
    "smoothness": {
      "score": 0.46958462816984325,
      "details": {
        "shoulder": 0.45569577094118996,
        "elbow": 0.48782563246867683,
        "wrist": 0.4805142125455518
      }
    },
    "arm_rotation": {
      "score": 1.0813330845943636,
      "details": {
        "elbow_lateral_distance": 0.08228646420092896,
        "elbow_forward_distance": 0.0741620184571454,
        "elbow_position_ratio": 5.619637357330663,
        "elbow_angle": 36.99067368520654,
        "max_extension": 1.825155055306508
      }
    }
  }
}