{
  "overall_score": 0.8428718056305396,
  "improved": false,
  "criteria": {
    "range_of_motion": false,
    "smoothness": false,
    "arm_rotation": true
  },
  "details": {
    "range_of_motion": {
      "score": 0.9646487810138326,
      "details": {
        "shoulder": 0.9935676351933178,
        "elbow": 1.019112250513611,
        "wrist": 0.92835461451634
      }
    },
    "smoothness": {
      "score": 0.5234850207747663,
      "details": {
        "shoulder": 0.5809845270460086,
        "elbow": 0.4398784258633043,
        "wrist": 0.5116265892810284
      }
    },
    "arm_rotation": {
      "score": 1.0404816151030198,
      "details": {
        "before": 0.7708490444284598,
        "after": 0.8020542587475433
      }
    }
  }
}