{
  "overall_score": 1.7177974157170646,
  "improved": true,
  "criteria": {
    "range_of_motion": true,
    "smoothness": true
  },
  "details": {
    "range_of_motion": {
      "score": 1.1691006177658037,
      "details": {
        "upper_arm": 1.0766950039738543,
        "forearm": 1.2676622936577546
      }
    },
    "smoothness": {
      "score": 2.2664942136683255,
      "details": {
        "upper_arm": 2.2019538659419764,
        "forearm": 2.321068460567111
      }
    }
  },
  "statistics": {
    "range_of_motion": {
      "upper_arm": {
        "statistic": 1565.0,
        "p_value": 7.119182212026228e-19,
        "significant": true
      },
      "forearm": {
        "statistic": 6613.0,
        "p_value": 0.3084910482916364,
        "significant": false
      }
    },
    "smoothness": {
      "upper_arm": {
        "statistic": 7125.0,
        "p_value": 0.5877372318509378,
        "significant": false
      },
      "forearm": {
        "statistic": 7319.0,
        "p_value": 0.4680656106111891,
        "significant": false
      }
    }
  },
  "before_summary": {
    "ranges": {
      "UpperArm": 0.25217408935228985,
      "Forearm": 0.2364235520362854
    },
    "smoothness": {
      "UpperArm": -9.634218114317813,
      "Forearm": -11.393575220978471
    }
  },
  "after_summary": {
    "ranges": {
      "UpperArm": 0.2715145821372668,
      "Forearm": 0.29970522224903107
    },
    "smoothness": {
      "UpperArm": -21.214103822150324,
      "Forearm": -26.44526809851208
    }
  }
}