{
    "y": [
        0.09883354306221008,
        0.8450441837310791
    ],
    "v": [
        -0.8317888259887727,
        1.5449539303779651
    ],
    "a": [
        -3.871700811386167,
        5.345885726809538
    ],
    "t": [
        0.0,
        26.303333333333335
    ]
}