{
  "overall_score": 1.0914610008147303,
  "improved": true,
  "criteria": {
    "range_of_motion": true,
    "smoothness": true
  },
  "details": {
    "range_of_motion": {
      "score": 1.1689737603605541,
      "details": {
        "upper_arm": 1.302782102982442,
        "forearm": 1.0649659692966784
      }
    },
    "smoothness": {
      "score": 1.0139482412689067,
      "details": {
        "upper_arm": 1.0095897193974028,
        "forearm": 1.0169233708277052
      }
    }
  },
  "statistics": {
    "range_of_motion": {
      "upper_arm": {
        "statistic": 3852.0,
        "p_value": 0.0014747643040306994,
        "significant": true
      },
      "forearm": {
        "statistic": 5285.0,
        "p_value": 0.6625075324224003,
        "significant": false
      }
    },
    "smoothness": {
      "upper_arm": {
        "statistic": 5454.0,
        "p_value": 0.544961724932976,
        "significant": false
      },
      "forearm": {
        "statistic": 5657.0,
        "p_value": 0.39140652547796184,
        "significant": false
      }
    }
  },
  "before_summary": {
    "ranges": {
      "UpperArm": 0.1609019876923412,
      "Forearm": 0.20700399534932026
    },
    "smoothness": {
      "UpperArm": -21.10794596192132,
      "Forearm": -30.922836239343667
    }
  },
  "after_summary": {
    "ranges": {
      "UpperArm": 0.20962022989988327,
      "Forearm": 0.22045221055547395
    },
    "smoothness": {
      "UpperArm": -21.310365240751686,
      "Forearm": -31.446154864066482
    }
  }
}