{
  "overall_score": 0.9385773278643305,
  "improved": false,
  "criteria": {
    "range_of_motion": true,
    "smoothness": false,
    "arm_rotation": true
  },
  "details": {
    "range_of_motion": {
      "score": 1.117548442796364,
      "details": {
        "shoulder": 1.172059684173796,
        "elbow": 1.004280770717415,
        "wrist": 1.1790067284224237
      }
    },
    "smoothness": {
      "score": 0.46958462816984325,
      "details": {
        "shoulder": 0.45569577094118996,
        "elbow": 0.48782563246867683,
        "wrist": 0.4805142125455518
      }
    },
    "arm_rotation": {
      "score": 1.2285989126267844,
      "details": {
        "before": 0.6150140473768984,
        "after": 0.755605589857455
      }
    }
  }
}