{
  "overall_score": 0.7758157326471915,
  "improved": false,
  "criteria": {
    "range_of_motion": false,
    "smoothness": false,
    "arm_rotation": false
  },
  "details": {
    "range_of_motion": {
      "score": 0.5288270717729942,
      "details": {
        "shoulder": 0.24628013085645833,
        "elbow": 0.47477694495355904,
        "wrist": 0.826740885787645
      }
    },
    "smoothness": {
      "score": 0.967978692727526,
      "details": {
        "shoulder": 1.1317822456437645,
        "elbow": 0.8784944797602393,
        "wrist": 0.8087559265161282
      }
    },
    "arm_rotation": {
      "score": 0.8306414334410543,
      "details": {
        "before": 0.9280166066784127,
        "after": 0.7708490444284598
      }
    }
  }
}