{
  "overall_score": 1.7025526070479968,
  "improved": true,
  "criteria": {
    "range_of_motion": true,
    "smoothness": true
  },
  "details": {
    "range_of_motion": {
      "score": 1.1873791147417085,
      "details": {
        "upper_arm": 1.0671419048504094,
        "forearm": 1.3267256342092115
      }
    },
    "smoothness": {
      "score": 2.217726099354285,
      "details": {
        "upper_arm": 2.2006229914038924,
        "forearm": 2.2315968441355842
      }
    }
  },
  "statistics": {
    "range_of_motion": {
      "upper_arm": {
        "statistic": 1488.0,
        "p_value": 2.409538514389911e-19,
        "significant": true
      },
      "forearm": {
        "statistic": 6695.0,
        "p_value": 0.37303515652566266,
        "significant": false
      }
    },
    "smoothness": {
      "upper_arm": {
        "statistic": 7093.0,
        "p_value": 0.6070043253006738,
        "significant": false
      },
      "forearm": {
        "statistic": 7201.0,
        "p_value": 0.541206260494805,
        "significant": false
      }
    }
  }
}