{
  "overall_score": 1.3026714826408572,
  "improved": true,
  "criteria": {
    "range_of_motion": true,
    "smoothness": true,
    "arm_rotation": false
  },
  "details": {
    "range_of_motion": {
      "score": 1.0366467254009422,
      "details": {
        "shoulder": 1.0064740079878214,
        "elbow": 0.981246177244971,
        "wrist": 1.0771745886360313
      }
    },
    "smoothness": {
      "score": 1.910274335108928,
      "details": {
        "shoulder": 1.7212162345948487,
        "elbow": 2.273355411867273,
        "wrist": 1.954550488482755
      }
    },
    "arm_rotation": {
      "score": 0.9610933874127016,
      "details": {
        "before": 0.8020542587475433,
        "after": 0.7708490444284598
      }
    }
  }
}