{
  "overall_score": 1.3687220448899382,
  "improved": true,
  "criteria": {
    "range_of_motion": false,
    "smoothness": true,
    "arm_rotation": false
  },
  "details": {
    "range_of_motion": {
      "score": 0.721425994997384,
      "details": {
        "shoulder": 0.721425994997384,
        "elbow": 0.8703698610162631,
        "wrist": 0.778331364267072
      }
    },
    "smoothness": {
      "score": 2.6336262358618003,
      "details": {
        "shoulder": 2.6336262358618003,
        "elbow": 0.9829461673801309,
        "wrist": 1.0
      }
    },
    "arm_rotation": {
      "score": 0.7511139038106304,
      "details": {
        "before": 0.8461223799283387,
        "after": 0.6355342838895158
      }
    }
  },
  "statistics": {
    "range_of_motion": {
      "shoulder": {
        "statistic": 3.4038513788161406,
        "p_value": 0.0009153048303545946,
        "significant": true,
        "improvement": 0.721425994997384
      },
      "elbow": {
        "statistic": 1.536272453639328,
        "p_value": 0.12721839507926902,
        "significant": false,
        "improvement": 0.8703698610162631
      },
      "wrist": {
        "statistic": 2.9836260163267547,
        "p_value": 0.003479378963247532,
        "significant": true,
        "improvement": 0.778331364267072
      }
    },
    "smoothness": {
      "shoulder": {
        "statistic": -9.328047418087676,
        "p_value": 9.5422150701202e-16,
        "significant": true,
        "improvement": 2.6336262358618003
      },
      "elbow": {
        "statistic": 0.24007558108480473,
        "p_value": 0.8106990825963372,
        "significant": false,
        "improvement": 0.9829461673801309
      },
      "wrist": {
        "statistic": -2.354968884764329,
        "p_value": 0.020218869445026034,
        "significant": true,
        "improvement": 1.273018505777529
      }
    },
    "arm_rotation": {
      "overall": {
        "statistic": 6.082328427521195,
        "p_value": 1.5907794633205108e-08,
        "significant": true,
        "improvement": 0.7511139038106304
      }
    }
  },
  "swing_count": {
    "before": 59,
    "after": 58
  }
}