{
  "overall_score": 1.184796478913736,
  "improved": true,
  "criteria": {
    "range_of_motion": true,
    "smoothness": false,
    "arm_rotation": false
  },
  "details": {
    "range_of_motion": {
      "score": 2.309343846931929,
      "details": {
        "shoulder": 1.2013972201923153,
        "elbow": 2.644073929837546,
        "wrist": 2.6053290227955723
      }
    },
    "smoothness": {
      "score": 0.4671217993065774,
      "details": {
        "shoulder": 0.6376630420388063,
        "elbow": 0.3617839262391481,
        "wrist": 0.3134265062344568
      }
    },
    "arm_rotation": {
      "score": 0.7779237905027014,
      "details": {
        "before": 0.9378349667730621,
        "after": 0.7295641322180755
      }
    }
  }
}