{
  "overall_score": 0.6161270849800462,
  "improved": false,
  "criteria": {
    "range_of_motion": false,
    "smoothness": false,
    "arm_rotation": false
  },
  "details": {
    "range_of_motion": {
      "score": 0.5499212846921103,
      "details": {
        "shoulder": 0.2579938121272111,
        "elbow": 0.509170741633136,
        "wrist": 0.8637473048185973
      }
    },
    "smoothness": {
      "score": 0.4369692049024639,
      "details": {
        "shoulder": 0.6536816319081215,
        "elbow": 0.33768258649628047,
        "wrist": 0.2854485042315293
      }
    },
    "arm_rotation": {
      "score": 0.8614907653455643,
      "details": {
        "before": 0.9310073781531719,
        "after": 0.8020542587475433
      }
    }
  }
}