{
  "overall_score": 0.875221898956234,
  "improved": false,
  "criteria": {
    "range_of_motion": false,
    "smoothness": false,
    "arm_rotation": false
  },
  "details": {
    "range_of_motion": {
      "score": 0.9983732546519355,
      "details": {
        "shoulder": 1.1130312338619834,
        "elbow": 0.9090861033058178,
        "wrist": 1.0268824916366146
      }
    },
    "smoothness": {
      "score": 0.6272924422167663,
      "details": {
        "shoulder": 0.6557665527918295,
        "elbow": 0.6156109058910801,
        "wrist": 0.583736136136602
      }
    },
    "arm_rotation": {
      "score": 1.0,
      "details": {
        "outward_score": 0.0
      }
    }
  }
}