{
  "overall_score": 1.4270885889756286,
  "improved": true,
  "criteria": {
    "range_of_motion": true,
    "smoothness": false,
    "arm_rotation": true
  },
  "details": {
    "range_of_motion": {
      "score": 2.322498128578821,
      "details": {
        "shoulder": 2.322498128578821,
        "elbow": 0.9175601829670599,
        "wrist": 0.30591077301626834
      }
    },
    "smoothness": {
      "score": 0.7586425992946586,
      "details": {
        "shoulder": 0.7586425992946586,
        "elbow": 4.409502694380606,
        "wrist": 1.0
      }
    },
    "arm_rotation": {
      "score": 1.200125039053407,
      "details": {
        "before": 0.766215994479067,
        "after": 0.9195550002975355
      }
    }
  },
  "statistics": {
    "range_of_motion": {
      "shoulder": {
        "statistic": -1.2172902061369224,
        "p_value": 0.29039654796017167,
        "significant": false,
        "improvement": 2.322498128578821
      },
      "elbow": {
        "statistic": 0.22054045988577053,
        "p_value": 0.836249573259445,
        "significant": false,
        "improvement": 0.9175601829670599
      },
      "wrist": {
        "statistic": 4.190643187352518,
        "p_value": 0.013799365089119746,
        "significant": true,
        "improvement": 0.30591077301626834
      }
    },
    "smoothness": {
      "shoulder": {
        "statistic": 1.19286634859085,
        "p_value": 0.2988415914765237,
        "significant": false,
        "improvement": 0.7586425992946586
      },
      "elbow": {
        "statistic": -1.6842338789180464,
        "p_value": 0.16742125300214442,
        "significant": false,
        "improvement": 4.409502694380606
      },
      "wrist": {
        "statistic": -1.1230701748883578,
        "p_value": 0.32425548155830425,
        "significant": false,
        "improvement": 2.1908379513720986
      }
    },
    "arm_rotation": {
      "overall": {
        "statistic": -3.472219808508401,
        "p_value": 0.025531983883467214,
        "significant": true,
        "improvement": 1.200125039053407
      }
    }
  },
  "swing_count": {
    "before": 1,
    "after": 5
  }
}