{
  "overall_score": 0.6161270849800462,
  "improved": false,
  "criteria": {
    "range_of_motion": false,
    "smoothness": false,
    "arm_rotation": false
  },
  "details": {
    "range_of_motion": {
      "score": 0.5499212846921103,
      "details": {
        "shoulder": 0.2579938121272112,
        "elbow": 0.5091707416331359,
        "wrist": 0.8637473048185973
      }
    },
    "smoothness": {
      "score": 0.43696920490246394,
      "details": {
        "shoulder": 0.6536816319081216,
        "elbow": 0.3376825864962806,
        "wrist": 0.28544850423152934
      }
    },
    "arm_rotation": {
      "score": 0.8614907653455643,
      "details": {
        "before": 0.9310073781531719,
        "after": 0.8020542587475433
      }
    }
  }
}