{
  "criteria": {
    "range_of_motion": false,
    "smoothness": false
  },
  "details": {
    "range_of_motion": {
      "score": 0.8637790815455445,
      "details": {
        "upper_arm": 1.0017692476103577,
        "forearm": 0.7491593994860578
      }
    },
    "smoothness": {
      "score": 0.580011683109668,
      "details": {
        "upper_arm": 0.5985212624786425,
        "forearm": 0.5662633986698254
      }
    }
  }
}